"Firstname	",Surname,,,,,,** They have repeating Golfer but issues is theres not mine
Tony,Finau ,,2502,Tony,Finau ,,
Cameron,Champ ,,2503,Cameron,Champ ,,
Ryan,Palmer ,,2504,Ryan,Palmer ,,
Keith,Mitchell ,,2505,Keith,Mitchell ,,
Ryan,Brehm ,,2506,Ryan,Brehm ,,
Brooks,Koepka ,,2507,Brooks,Koepka ,,
Danny,Lee ,,2508,Danny,Lee ,,
Matthew,Wolff ,,2509,Matthew,Wolff ,,
Bubba,Watson ,,2510,Bubba,Watson ,,
Jason,Kokrak ,,2511,Jason,Kokrak ,,
Gary,Woodland ,,2512,Gary,Woodland ,,
Kurt,Kitayama ,,2513,Kurt,Kitayama ,,
Tyler,McCumber ,,2514,Tyler,McCumber ,,
Grayson,Murray ,,2515,Grayson,Murray ,,
Patrick,Fishburn ,,2516,Patrick,Fishburn ,,
Kevin,Tway ,,2517,Kevin,Tway ,,
Viktor,Hovland ,,2518,Viktor,Hovland ,,
Harold,Varner III,,2519,Harold,Varner III,,
Byeong,Hun An,,2520,Byeong,Hun An,,
Scottie,Scheffler ,,2521,Scottie,Scheffler ,,
Matt,Jones ,,2522,Matt,Jones ,,
Patrick,Cantlay ,,2523,Patrick,Cantlay ,,
Akshay,Bhatia ,,2524,Akshay,Bhatia ,,
Brandon,Hagy ,,2525,Brandon,Hagy ,,
Lanto,Griffin ,,2526,Lanto,Griffin ,,
Tom,Lewis ,,2527,Tom,Lewis ,,
Zack,Sucher ,,2528,Zack,Sucher ,,
Adam,Schenk ,,2529,Adam,Schenk ,,
Charles,Howell III,,2530,Charles,Howell III,,
Sung,Kang ,,2531,Sung,Kang ,,
Patrick,Rodgers ,,2532,Patrick,Rodgers ,,
Beau,Hossler ,,2533,Beau,Hossler ,,
Sebastian,Munoz ,,2534,Sebastian,Munoz ,,
Isaiah,Salinda ,,2535,Isaiah,Salinda ,,
Martin,Laird ,,2536,Martin,Laird ,,
Lucas,Bjerregaard ,,2537,Lucas,Bjerregaard ,,
Kevin,Chappell ,,2538,Kevin,Chappell ,,
Graham,DeLaet ,,2539,Graham,DeLaet ,,
Harris,English ,,2540,Harris,English ,,
D.J.,Trahan ,,2541,D.J.,Trahan ,,
Bryson,DeChambeau ,,2542,Bryson,DeChambeau ,,
Marc,Leishman ,,2543,Marc,Leishman ,,
Scott,Stallings ,,2544,Scott,Stallings ,,
Cameron,Davis ,,2545,Cameron,Davis ,,
Justin,Thomas ,,2546,Justin,Thomas ,,
Jeremy,Gandon ,,2547,Jeremy,Gandon ,,
Sam,Burns ,,2548,Sam,Burns ,,
Sebastian,Cappelen ,,2549,Sebastian,Cappelen ,,
Dominic,Bozzelli ,,2550,Dominic,Bozzelli ,,
Alex,Noren ,,2551,Alex,Noren ,,
Andrew,Novak ,,2552,Andrew,Novak ,,
Scott,Piercy ,,2553,Scott,Piercy ,,
Joel,Dahmen ,,2554,Joel,Dahmen ,,
Jhonattan,Vegas ,,2555,Jhonattan,Vegas ,,
Keegan,Bradley ,,2556,Keegan,Bradley ,,
Wyndham,Clark ,,2557,Wyndham,Clark ,,
Peter,Uihlein ,,2558,Peter,Uihlein ,,
Kevin,Streelman ,,2559,Kevin,Streelman ,,
Branden,Grace ,,2560,Branden,Grace ,,
Sam,Ryder ,,2561,Sam,Ryder ,,
Cameron,Tringale ,,2562,Cameron,Tringale ,,
Aaron,Wise ,,2563,Aaron,Wise ,,
Daniel,Berger ,,2564,Daniel,Berger ,,
Harry,Higgs ,,2565,Harry,Higgs ,,
Pat,Perez ,,2566,Pat,Perez ,,
Martin,Trainer ,,2567,Martin,Trainer ,,
Smylie,Kaufman ,,2568,Smylie,Kaufman ,,
Robby,Shelton ,,2569,Robby,Shelton ,,
Scott,Harrington ,,2570,Scott,Harrington ,,
Nelson,Ledesma ,,2571,Nelson,Ledesma ,,
Joseph,Bramlett ,,2572,Joseph,Bramlett ,,
Rafael,Campos ,,2573,Rafael,Campos ,,
Rhein,Gibson ,,2574,Rhein,Gibson ,,
Rod,Pampling ,,2575,Rod,Pampling ,,
Kristoffer,Ventura ,,2576,Kristoffer,Ventura ,,
Vince,Covello ,,2577,Vince,Covello ,,
Kramer,Hickok ,,2578,Kramer,Hickok ,,
Richy,Werenski ,,2579,Richy,Werenski ,,
Vincent,Whaley ,,2580,Vincent,Whaley ,,
Charley,Hoffman ,,2581,Charley,Hoffman ,,
Roberto,Diaz ,,2582,Roberto,Diaz ,,
Cameron,Percy ,,2583,Cameron,Percy ,,
Chesson,Hadley ,,2584,Chesson,Hadley ,,
Corey,Conners ,,2585,Corey,Conners ,,
Luke,List ,,2586,Luke,List ,,
Brendan,Steele ,,2587,Brendan,Steele ,,
Abraham,Ancer ,,2588,Abraham,Ancer ,,
Carlos,Ortiz ,,2589,Carlos,Ortiz ,,
Rory,Sabbatini ,,2590,Rory,Sabbatini ,,
Jimmy,Walker ,,2591,Jimmy,Walker ,,
Mackenzie,Hughes ,,2592,Mackenzie,Hughes ,,
Sungjae,Im ,,2593,Sungjae,Im ,,
Phil,Mickelson ,,2594,Phil,Mickelson ,,
Joaquin,Niemann ,,2595,Joaquin,Niemann ,,
Josh,Teater ,,2596,Josh,Teater ,,
Mark,Anderson ,,2597,Mark,Anderson ,,
Chase,Koepka ,,2598,Chase,Koepka ,,
Doug,Ghim ,,2599,Doug,Ghim ,,
Talor,Gooch ,,2600,Talor,Gooch ,,
Collin,Morikawa ,,2601,Collin,Morikawa ,,
Doc,Redman ,,2602,Doc,Redman ,,
Ted,Purdy ,,2603,Ted,Purdy ,,
Ryan,Moore ,,2604,Ryan,Moore ,,
Denny,McCarthy ,,2605,Denny,McCarthy ,,
Maverick,McNealy ,,2606,Maverick,McNealy ,,
Shawn,Stefani ,,2607,Shawn,Stefani ,,
Kyoung-Hoon,Lee ,,2608,Kyoung-Hoon,Lee ,,
Adam,Hadwin ,,2609,Adam,Hadwin ,,
Emiliano,Grillo ,,2610,Emiliano,Grillo ,,
Derek,Ernst ,,2611,Derek,Ernst ,,
Robert,Garrigus ,,2612,Robert,Garrigus ,,
Chase,Seiffert ,,2613,Chase,Seiffert ,,
Hank,Lebioda ,,2614,Hank,Lebioda ,,
Adam,Scott ,,2615,Adam,Scott ,,
Nick,Taylor ,,2616,Nick,Taylor ,,
Jonathan,Byrd ,,2617,Jonathan,Byrd ,,
Sepp,Straka ,,2618,Sepp,Straka ,,
Sangmoon,Bae ,,2619,Sangmoon,Bae ,,
Si,Woo Kim,,2620,Si,Woo Kim,,
Stewart,Cink ,,2621,Stewart,Cink ,,
Nick,Watney ,,2622,Nick,Watney ,,
Michael,Gligic ,,2623,Michael,Gligic ,,
Xinjun,Zhang ,,2624,Xinjun,Zhang ,,
Anirban,Lahiri ,,2625,Anirban,Lahiri ,,
Chandler,Phillips ,,2626,Chandler,Phillips ,,
Chip,McDaniel ,,2627,Chip,McDaniel ,,
Russell,Knox ,,2628,Russell,Knox ,,
Cameron,Smith ,,2629,Cameron,Smith ,,
Tim,Wilkinson ,,2630,Tim,Wilkinson ,,
J.B.,Holmes ,,2631,J.B.,Holmes ,,
Jack,Trent ,,2632,Jack,Trent ,,
Lucas,Glover ,,2633,Lucas,Glover ,,
Brian,Harman ,,2634,Brian,Harman ,,
Seamus,Power ,,2635,Seamus,Power ,,
Henrik,Norlander ,,2636,Henrik,Norlander ,,
Dylan,Frittelli ,,2637,Dylan,Frittelli ,,
Tom,Hoge ,,2638,Tom,Hoge ,,
Hideki,Matsuyama ,,2639,Hideki,Matsuyama ,,
Garrett,Osborn ,,2640,Garrett,Osborn ,,
Wes,Roach ,,2641,Wes,Roach ,,
John,Oda ,,2642,John,Oda ,,
Nate,Lashley ,,2643,Nate,Lashley ,,
Jamie,Lovemark ,,2644,Jamie,Lovemark ,,
John,Daly ,,2645,John,Daly ,,
Bo,Hoag ,,2646,Bo,Hoag ,,
Jason,Dufner ,,2647,Jason,Dufner ,,
Mark,Hubbard ,,2648,Mark,Hubbard ,,
Adam,Long ,,2649,Adam,Long ,,
Michael,Gellerman ,,2650,Michael,Gellerman ,,
Andrew,Putnam ,,2651,Andrew,Putnam ,,
Austin,Cook ,,2652,Austin,Cook ,,
Matt,Every ,,2653,Matt,Every ,,
Davis,Riley ,,2654,Davis,Riley ,,
J.T.,Poston ,,2655,J.T.,Poston ,,
J.J.,Spaun ,,2656,J.J.,Spaun ,,
Bronson,Burgoon ,,2657,Bronson,Burgoon ,,
Kevin,Na ,,2658,Kevin,Na ,,
Arjun,Atwal ,,2659,Arjun,Atwal ,,
Patton,Kizzire ,,2660,Patton,Kizzire ,,
Robert,Streb ,,2661,Robert,Streb ,,
Brian,Gay ,,2662,Brian,Gay ,,
Bud,Cauley ,,2663,Bud,Cauley ,,
Jim,Furyk ,,2664,Jim,Furyk ,,
John,Merrick ,,2665,John,Merrick ,,
John,Senden ,,2666,John,Senden ,,
James,Hahn ,,2667,James,Hahn ,,
Freddie,Jacobson ,,2668,Freddie,Jacobson ,,
Scott,Brown ,,2669,Scott,Brown ,,
Fabian,Gomez ,,2670,Fabian,Gomez ,,
Bill,Haas ,,2671,Bill,Haas ,,
Andrew,Landry ,,2672,Andrew,Landry ,,
Webb,Simpson ,,2673,Webb,Simpson ,,
Ben,Taylor ,,2674,Ben,Taylor ,,
Francesco,Molinari ,,2675,Francesco,Molinari ,,
Troy,Merritt ,,2676,Troy,Merritt ,,
C.T.,Pan ,,2677,C.T.,Pan ,,
Chris,Baker ,,2678,Chris,Baker ,,
Ted,Potter Jr,,2679,Ted,Potter Jr,,
Boo,Weekley ,,2680,Boo,Weekley ,,
Andy,Zhang ,,2681,Andy,Zhang ,,
Roger,Sloan ,,2682,Roger,Sloan ,,
Russell,Henley ,,2683,Russell,Henley ,,
Vaughn,Taylor ,,2684,Vaughn,Taylor ,,
Michael,Thompson ,,2685,Michael,Thompson ,,
Jim,Herman ,,2686,Jim,Herman ,,
Chez,Reavie ,,2687,Chez,Reavie ,,
Brice,Garnett ,,2688,Brice,Garnett ,,
Peter,Malnati ,,2689,Peter,Malnati ,,
Matthew,NeSmith ,,2690,Matthew,NeSmith ,,
Bo,Van Pelt,,2691,Bo,Van Pelt,,
Alex,Cejka ,,2692,Alex,Cejka ,,
Brian,Stuard ,,2693,Brian,Stuard ,,
Max,Homa ,,2694,Max,Homa ,,
George,McNeill ,,2695,George,McNeill ,,
Brandt,Snedeker ,,2696,Brandt,Snedeker ,,
Aaron,Baddeley ,,2697,Aaron,Baddeley ,,
Morgan,Hoffmann ,,2698,Morgan,Hoffmann ,,
Tyler,Duncan ,,2699,Tyler,Duncan ,,
Zach,Johnson ,,2700,Zach,Johnson ,,
John,Huh ,,2701,John,Huh ,,
Chad,Campbell ,,2702,Chad,Campbell ,,
Daniel,Chopra ,,2703,Daniel,Chopra ,,
Rich,Beem ,,2704,Rich,Beem ,,
Rob,Oppenheim ,,2705,Rob,Oppenheim ,,
Robert,Allenby ,,2706,Robert,Allenby ,,
Ben,Crane ,,2707,Ben,Crane ,,
Cole,Hammer ,,2708,Cole,Hammer ,,
J.J.,Henry ,,2709,J.J.,Henry ,,
Chris,Stroud ,,2710,Chris,Stroud ,,
Ricky,Barnes ,,2711,Ricky,Barnes ,,
Ryan,Blaum ,,2712,Ryan,Blaum ,,
Tim,Herron ,,2713,Tim,Herron ,,
Roberto,Castro ,,2714,Roberto,Castro ,,
Ryan,Armour ,,2715,Ryan,Armour ,,
David,Hearn ,,2716,David,Hearn ,,
Brendon,Todd ,,2717,Brendon,Todd ,,
Whee,Kim ,,2718,Whee,Kim ,,
Kyle,Stanley ,,2719,Kyle,Stanley ,,
Brandon,Wu ,,2720,Brandon,Wu ,,
Parker,McLachlin ,,2721,Parker,McLachlin ,,
Satoshi,Kodaira ,,2722,Satoshi,Kodaira ,,
Michael,Kim ,,,,,,
Ben,Martin ,,2723,Ben,Martin ,,
Braden,Bailey ,,2724,Braden,Bailey ,,
Kevin,Stadler ,,2725,Kevin,Stadler ,,
Johnson,Wagner ,,2726,Johnson,Wagner ,,
Henrik,Stenson ,,2727,Henrik,Stenson ,,
Tommy,Gainey ,,2728,Tommy,Gainey ,,
Brendon,de Jonge,,2729,Brendon,de Jonge,,
Carlos,Franco ,,2730,Carlos,Franco ,,
John,Rollins ,,2731,John,Rollins ,,
D.A.,Points ,,2732,D.A.,Points ,,
Billy,Hurley III,,2733,Billy,Hurley III,,
Zac,Blair ,,2734,Zac,Blair ,,
David,Lingmerth ,,2735,David,Lingmerth ,,
K.J.,Choi ,,2736,K.J.,Choi ,,
Kiradech,Aphibarnrat ,,2737,Kiradech,Aphibarnrat ,,
Yongjun,Bae ,,2738,Yongjun,Bae ,,
Jung-gon,Hwang ,,2739,Jung-gon,Hwang ,,
Kyongjun,Moon ,,2740,Kyongjun,Moon ,,
Sanghyun,Park ,,2741,Sanghyun,Park ,,
Justin,Rose ,,2742,Justin,Rose ,,
Jeongwoo,Ham ,,2743,Jeongwoo,Ham ,,
Tyrrell,Hatton ,,2744,Tyrrell,Hatton ,,
Tae,Hee Lee,,2745,Tae,Hee Lee,,
Matthew,Millar ,,2746,Matthew,Millar ,,
Jazz,Janewattananond ,,2747,Jazz,Janewattananond ,,
Tomoharu,Ohtsuki ,,2748,Tomoharu,Ohtsuki ,,
Jbe',Kruger ,,2749,Jbe',Kruger ,,
Hyungjoon,Lee ,,2750,Hyungjoon,Lee ,,
Haotong,Li ,,2751,Haotong,Li ,,
Billy,Horschel ,,2752,Billy,Horschel ,,
Rafa,Cabrera Bello,,2753,Rafa,Cabrera Bello,,
Ashun,Wu ,,2754,Ashun,Wu ,,
Wonjoon,Lee ,,2755,Wonjoon,Lee ,,
Tiger,Woods ,,2756,Tiger,Woods ,,
Louis,Oosthuizen ,,2757,Louis,Oosthuizen ,,
Xander,Schauffele ,,2758,Xander,Schauffele ,,
Ian,Poulter ,,2759,Ian,Poulter ,,
Sergio,Garcia ,,2760,Sergio,Garcia ,,
Robert,MacIntyre ,,2761,Robert,MacIntyre ,,
Neil,Schietekat ,,2762,Neil,Schietekat ,,
Tommy,Fleetwood ,,2763,Tommy,Fleetwood ,,
Graeme,McDowell ,,2764,Graeme,McDowell ,,
Yi,Keun Chang,,2765,Yi,Keun Chang,,
Mikumu,Horikawa ,,2766,Mikumu,Horikawa ,,
Justin,Harding ,,2767,Justin,Harding ,,
Joost,Luiten ,,2768,Joost,Luiten ,,
Victor,Perez ,,2769,Victor,Perez ,,
Soomin,Lee ,,2770,Soomin,Lee ,,
Rikuya,Hoshino ,,2771,Rikuya,Hoshino ,,
Jason,Day ,,2772,Jason,Day ,,
Kevin,Kisner ,,2773,Kevin,Kisner ,,
Rory,McIlroy ,,2774,Rory,McIlroy ,,
Benjamin,Hebert ,,2775,Benjamin,Hebert ,,
Matt,Wallace ,,2776,Matt,Wallace ,,
Paul,Waring ,,2777,Paul,Waring ,,
Christiaan,Bezuidenhout ,,2778,Christiaan,Bezuidenhout ,,
Masahiro,Kawamura ,,2779,Masahiro,Kawamura ,,
Andrea,Pavan ,,2780,Andrea,Pavan ,,
Richard,Sterne ,,2781,Richard,Sterne ,,
Carl,Yuan ,,2782,Carl,Yuan ,,
Yosuke,Asaji ,,2783,Yosuke,Asaji ,,
Shane,Lowry ,,2784,Shane,Lowry ,,
Zander,Lombard ,,2785,Zander,Lombard ,,
Danny,Willett ,,2786,Danny,Willett ,,
Matthew,Fitzpatrick ,,2787,Matthew,Fitzpatrick ,,
Ryo,Ishikawa ,,2788,Ryo,Ishikawa ,,
Jorge,Campillo ,,2789,Jorge,Campillo ,,
WC,Liang ,,2790,WC,Liang ,,
Jake,McLeod ,,2791,Jake,McLeod ,,
Patrick,Reed ,,2792,Patrick,Reed ,,
Michael,Lorenzo-Vera ,,2793,Michael,Lorenzo-Vera ,,
Matthias,Schwab ,,2794,Matthias,Schwab ,,
Bernd,Wiesberger ,,2795,Bernd,Wiesberger ,,
Seungsu,Han ,,2796,Seungsu,Han ,,
Erik,van Rooyen,,2797,Erik,van Rooyen,,
Paul,Casey ,,2798,Paul,Casey ,,
Zecheng,Dou ,,2799,Zecheng,Dou ,,
Chan,Kim ,,2800,Chan,Kim ,,
Jinichiro,Kozuma ,,2801,Jinichiro,Kozuma ,,
Daniel,Nisbet ,,2802,Daniel,Nisbet ,,
Jordan,Spieth ,,2803,Jordan,Spieth ,,
Scott,Hend ,,2804,Scott,Hend ,,
Shugo,Imahira ,,2805,Shugo,Imahira ,,
Zhengkai,Bai ,,2806,Zhengkai,Bai ,,
Romain,Langasque ,,2807,Romain,Langasque ,,
Shaun,Norris ,,2808,Shaun,Norris ,,
Dustin,Johnson ,,2809,Dustin,Johnson ,,
Matt,Kuchar ,,2810,Matt,Kuchar ,,
Rickie,Fowler ,,2811,Rickie,Fowler ,,
Alex,Prugh ,,2812,Alex,Prugh ,,
Ollie,Schniederjans ,,2813,Ollie,Schniederjans ,,
Kelly,Kraft ,,2814,Kelly,Kraft ,,
Rob,Labritz ,,2815,Rob,Labritz ,,
David,Lipsky ,,2816,David,Lipsky ,,
Ryan,Vermeer ,,2817,Ryan,Vermeer ,,
Chris,Kirk ,,2818,Chris,Kirk ,,
Scott,Langley ,,2819,Scott,Langley ,,
Jon,Rahm ,,2820,Jon,Rahm ,,
Martin,Kaymer ,,2821,Martin,Kaymer ,,
Lee,Westwood ,,2822,Lee,Westwood ,,
Jonas,Blixt ,,2823,Jonas,Blixt ,,
Joey,Garber ,,2824,Joey,Garber ,,
Stephan,Jaeger ,,2825,Stephan,Jaeger ,,
John,Chin ,,2826,John,Chin ,,
Charlie,Danielson ,,2827,Charlie,Danielson ,,
Jose,de Jesus,,2828,Jose,de Jesus,,
Sam,Saunders ,,2829,Sam,Saunders ,,
Adam,Svensson ,,2830,Adam,Svensson ,,
Thomas,Pieters ,,2831,Thomas,Pieters ,,
Nicholas,Lindheim ,,2832,Nicholas,Lindheim ,,
Padraig,Harrington ,,2833,Padraig,Harrington ,,
Chase,Wright ,,2834,Chase,Wright ,,
Aaron,Rai ,,2835,Aaron,Rai ,,
Kyle,Jones ,,2836,Thorbjorn,Olesen ,,
Thorbjorn,Olesen ,,2837,Ryan,Fox ,,
Ryan,Fox ,,2838,Ben,Silverman ,,
Ben,Silverman ,,2839,Cody,Gribble ,,
Cody,Gribble ,,2840,Brandon,Harkins ,,
Brandon,Harkins ,,2841,Tyrone,Van Aswegen,,
Tyrone,Van Aswegen,,2842,Eddie,Pepperell ,,
Eddie,Pepperell ,,2843,Steve,Stricker ,,
Steve,Stricker ,,2844,Anders,Albertson ,,
Anders,Albertson ,,2845,Brady,Schnell ,,
Brady,Schnell ,,2846,Paul,Barjon ,,
Paul,Barjon ,,2847,Luke,Donald ,,
Luke,Donald ,,2848,Marcus,Kinhult ,,
Marcus,Kinhult ,,2849,Seth,Reeves ,,
Seth,Reeves ,,2850,Philip,Eriksson ,,
Philip,Eriksson ,,2851,David,Toms ,,
David,Toms ,,2852,Kodai,Ichihara ,,
Kodai,Ichihara ,,2853,Martin,Piller ,,
Martin,Piller ,,2854,Poom,Saksansin ,,
Poom,Saksansin ,,2855,Ernie,Els ,,
Ernie,Els ,,2856,Andrew,Wilson ,,
Andrew,Wilson ,,2857,Tom,Lovelady ,,
Tom,Lovelady ,,2858,Shubhankar,Sharma ,,
Shubhankar,Sharma ,,2859,Curtis,Luck ,,
Chris,Thompson ,,2860,Innchoon,Hwang ,,
Curtis,Luck ,,2861,Callum,Shinkwin ,,
Innchoon,Hwang ,,2862,Colt,Knost ,,
Callum,Shinkwin ,,2863,Chad,Collins ,,
Colt,Knost ,,2864,Mike,Weir ,,
Chad,Collins ,,2865,Ashton,Turner ,,
Mike,Weir ,,2866,Trey,Mullinax ,,
Ashton,Turner ,,2867,Mikko,Korhonen ,,
Trey,Mullinax ,,2868,Adri,Arnaus ,,
Mikko,Korhonen ,,2869,Andy,Pope ,,
Adri,Arnaus ,,2870,Nino,Bertasio ,,
Andy,Pope ,,2871,Yuki,Inamori ,,
Nino,Bertasio ,,2872,Justin,Walters ,,
Yuki,Inamori ,,2873,Rhys,Enoch ,,
Justin,Walters ,,2874,Clement,Sordet ,,
Rhys,Enoch ,,2875,Ross,Fisher ,,
Clement,Sordet ,,2876,Will,Gordon ,,
Ross,Fisher ,,2877,Lucas,Herbert ,,*
Will,Gordon ,,2878,Marty,Jertson ,,
Lucas,Herbert ,,2879,Norman,Xiong ,,
Marty,Jertson ,,2880,Jim,Knous ,,
Norman,Xiong ,,2881,Richard,Jung ,,
Jim,Knous ,,2882,Jake,Knapp ,,
Richard,Jung ,,2883,Wes,Homan ,,
Jake,Knapp ,,2884,Chris,Couch ,,
Wes,Homan ,,2885,Tom,Lehman ,,
Chris,Couch ,,2886,Justin,Suh ,,
Tom,Lehman ,,2887,Derek,Fathauer ,,
Justin,Suh ,,2888,Dicky,Pride ,,
Derek,Fathauer ,,2889,Charlie,Beljan ,,
Dicky,Pride ,,2890,Case,Cochran ,,
Charlie,Beljan ,,2891,Hunter,Mahan ,,
Case,Cochran ,,2892,Stephen,Stallings Jr,,
Hunter,Mahan ,,2893,Andres,Romero ,,
Stephen,Stallings Jr,,2894,Y.E.,Yang ,,
Andres,Romero ,,2895,Julian,Etulain ,,
Y.E.,Yang ,,2896,Alistair,Docherty ,,
Julian,Etulain ,,2897,Omar,Uresti ,,
Alistair,Docherty ,,2898,Charlie,Wi ,,
Omar,Uresti ,,2899,Heath,Slocum ,,
Charlie,Wi ,,2900,Will,MacKenzie ,,
Heath,Slocum ,,2901,Eric,Axley ,,
Will,MacKenzie ,,2902,Michael,Hopper ,,
Eric,Axley ,,2903,Frank,Lickliter II,,
Brian,Davis ,,2904,Brett,Quigley ,,
Michael,Hopper ,,2905,Hayden,Springer ,,
Frank,Lickliter II,,2906,Daniel,Summerhays ,,
Brett,Quigley ,,2907,Kyle,Westmoreland ,,
Hayden,Springer ,,2908,Tony,Romo ,,
Daniel,Summerhays ,,2909,Shintaro,Ban ,,
Kyle,Westmoreland ,,2910,Calum,Hill ,,
Dylan,Wu ,,2911,Guido,Migliozzi ,,
Tony,Romo ,,2912,Sebastian,Soderberg ,,
Shintaro,Ban ,,2913,Kazuki,Higa ,,
Calum,Hill ,,2914,Andrew,Johnston ,,
Guido,Migliozzi ,,2915,Andy,Sullivan ,,
Sebastian,Soderberg ,,2916,Jordan,L Smith,,
Kazuki,Higa ,,2917,Matthew,Southgate ,,
Brendan,Jones ,,2918,Scott,Vincent ,,
Andrew,Johnston ,,2919,Alexander,Bjork ,,
Andy,Sullivan ,,2920,JC,Ritchie ,,
Jordan,L Smith,,2921,Adrian,Otaegui ,,
Matthew,Southgate ,,2922,Ryuko,Tokimatsu ,,
Scott,Vincent ,,2923,Joachim,B Hansen,,
Alexander,Bjork ,,2924,Francesco,Laporta ,,
JC,Ritchie ,,2925,Joakim,Lagergren ,,
Adrian,Otaegui ,,2926,Thomas,Detry ,,
Ryuko,Tokimatsu ,,2927,Darius,Van Driel,,
Joachim,B Hansen,,2928,Julian,Suri ,,
Francesco,Laporta ,,2929,Yuta,Ikeda ,,
Joakim,Lagergren ,,2930,Brandon,Stone ,,
Thomas,Detry ,,2931,Oliver,Wilson ,,
Darius,Van Driel,,2932,Jaco,Ahlers ,,
Julian,Suri ,,2933,Chris,Paisley ,,
Yuta,Ikeda ,,2934,Sam,Horsfield ,,
Brandon,Stone ,,2935,Shota,Akiyoshi ,,
Oliver,Wilson ,,2936,Brad,Kennedy ,,
Jaco,Ahlers ,,2937,Kalle,Samooja ,,
Chris,Paisley ,,2938,Robin,Roussel ,,
Sam,Horsfield ,,2939,Nicolas,Colsaerts ,,
Shota,Akiyoshi ,,2940,Antoine,Rozner ,,
Brad,Kennedy ,,2941,Dean,Burmester ,,
Kalle,Samooja ,,2942,George,Coetzee ,,
Robin,Roussel ,,2943,Charl,Schwartzel ,,
Nicolas,Colsaerts ,,2944,Yoshinori,Fujimoto ,,
Antoine,Rozner ,,2945,Richie,Ramsay ,,
Dean,Burmester ,,2946,Sean,Crocker ,,
George,Coetzee ,,2947,Adrian,Meronk ,,
Charl,Schwartzel ,,2948,Steven,Brown ,,
Yoshinori,Fujimoto ,,2949,Sebi,Garcia ,,
Richie,Ramsay ,,2950,Gunn,Charoenkul ,,
Sean,Crocker ,,2951,Jason,Scrivener ,,
Adrian,Meronk ,,2952,Alexander,Levy ,,
Steven,Brown ,,2953,Ricardo,Santos ,,
Sebi,Garcia ,,2954,Gavin,Kyle Green,,
Gunn,Charoenkul ,,2955,Jack,Senior ,,
Jason,Scrivener ,,2956,Rashid,Khan ,,
Alexander,Levy ,,2957,Cormac,Sharvin ,,
Ricardo,Santos ,,2958,Hiroshi,Iwata ,,
Gavin,Kyle Green,,2959,Pablo,Larrazabal ,,
Jack,Senior ,,2960,Thriston,Lawrence ,,
Rashid,Khan ,,2961,Ho,Sung Choi,,
Cormac,Sharvin ,,2962,Richard,Bland ,,
Hiroshi,Iwata ,,2963,John,Catlin ,,
Pablo,Larrazabal ,,2964,Wade,Ormsby ,,
Thriston,Lawrence ,,2965,Louis,de Jager,,
Ho,Sung Choi,,2966,Ignacio,Elvira Mijares,,
Richard,Bland ,,2967,Sebastian,Heisele ,,
John,Catlin ,,2968,Miguel,Tabuena ,,
Wade,Ormsby ,,2969,Alvaro,Quiros ,,
Louis,de Jager,,2970,Sihwan,Kim ,,
Ignacio,Elvira Mijares,,2971,Fabrizio,Zanotti ,,
Sebastian,Heisele ,,2972,Ewen,Ferguson ,,
Miguel,Tabuena ,,2973,Gaganjeet,Bhullar ,,
Alvaro,Quiros ,,2974,Danie,van Tonder,,
Sihwan,Kim ,,2975,Miguel,Angel Carballo,,
Fabrizio,Zanotti ,,2976,Naoki,Sekito ,,
Ewen,Ferguson ,,2977,Jeff,Winther ,,
Matthew,Griffin ,,2978,Kwanchai,Tannin ,,
Gaganjeet,Bhullar ,,2979,Chris,Wood ,,
Danie,van Tonder,,2980,Suradit,Yongcharoenchai ,,
Miguel,Angel Carballo,,2981,Toshinori,Muto ,,
Naoki,Sekito ,,2982,Bio,Kim ,,
Jeff,Winther ,,2983,Scott,Jamieson ,,
Kwanchai,Tannin ,,2984,Jose-Filipe,Lima ,,
Chris,Wood ,,2985,Sadom,Kaewkanjana ,,
Suradit,Yongcharoenchai ,,2986,Robert,Rock ,,
Toshinori,Muto ,,2987,Paul,Dunne ,,
Bio,Kim ,,2988,Steve,Surry ,,
Scott,Jamieson ,,2989,Adilson,da Silva,,
Jose-Filipe,Lima ,,2990,David,Law ,,
Sadom,Kaewkanjana ,,2991,Hiroyuki,Fujita ,,
Robert,Rock ,,2992,Connor,Syme ,,
Paul,Dunne ,,2993,Ashley,Chesters ,,
Steve,Surry ,,2994,Oliver,Farr ,,
Adilson,da Silva,,2995,Prom,Meesawat ,,
David,Law ,,2996,Dimi,Papadatos ,,
Hiroyuki,Fujita ,,2997,Edoardo,Molinari ,,
Connor,Syme ,,2998,Angelo,Que ,,
Ashley,Chesters ,,2999,Grant,Forrest ,,
Oliver,Farr ,,3000,Darren,Fichardt ,,
Prom,Meesawat ,,3001,Lars,Van Meijel,,
Dimi,Papadatos ,,3002,Wil,Besseling ,,
Edoardo,Molinari ,,3003,Lorenzo,Gagli ,,
Angelo,Que ,,3004,Stephen,Gallacher ,,
Grant,Forrest ,,3005,Jack,Singh Brar,,
Darren,Fichardt ,,3006,Josh,Geary ,,
Lars,Van Meijel,,3007,Sang-hee,Lee ,,
Wil,Besseling ,,3008,Maximilian,Kieffer ,,
Lorenzo,Gagli ,,3009,Jean-Paul,Strydom ,,
Stephen,Gallacher ,,3010,Atomu,Shigenaga ,,
Jack,Singh Brar,,3011,Kousuke,Hamamoto ,,
Josh,Geary ,,3012,Juvic,Pagunsan ,,
Sang-hee,Lee ,,3013,Bryce,Easton ,,
Maximilian,Kieffer ,,3014,Tapio,Pulkkanen ,,
Jean-Paul,Strydom ,,3015,David,Drysdale ,,
Atomu,Shigenaga ,,3016,Hugo,Leon ,,
Kousuke,Hamamoto ,,3017,Andrew,Dodt ,,
Juvic,Pagunsan ,,3018,Ben,Stow ,,
Bryce,Easton ,,3019,Hyun-woo,Ryu ,,
Tapio,Pulkkanen ,,3020,Renato,Paratore ,,
David,Drysdale ,,3021,Ajeetesh,Sandhu ,,
Hugo,Leon ,,3022,Jeunghun,Wang ,,
Andrew,Dodt ,,3023,Min,Woo Lee,,
Ben,Stow ,,3024,Ross,McGowan ,,
Hyun-woo,Ryu ,,3025,Doyeob,Mun ,,
Renato,Paratore ,,3026,Johannes,Veerman ,,
Ajeetesh,Sandhu ,,3027,Itthipat,Buranatanya ,,
Jeunghun,Wang ,,3028,Eirik,Tage Johansen,,
Min,Woo Lee,,3029,Niklas,Lemke ,,
Ross,McGowan ,,3030,Daan,Huizing ,,
Doyeob,Mun ,,3031,Hudson,Swafford ,,
Johannes,Veerman ,,3032,Taylor,Pendrith ,,
Itthipat,Buranatanya ,,3033,Kim,Koivu ,,
Eirik,Tage Johansen,,3034,Katsumasa,Miyamoto ,,
Richard,Lee ,,3035,Joel,Sjoholm ,,
Niklas,Lemke ,,3036,Gregory,Havret ,,
Daan,Huizing ,,3037,Nicolai,Hojgaard ,,
Hudson,Swafford ,,3038,Soren,Kjeldsen ,,
Taylor,Pendrith ,,3039,Peter,Karmis ,,
Kim,Koivu ,,3040,Oscar,Lengden ,,
Katsumasa,Miyamoto ,,3041,Sung,Kug Park,,
Joel,Sjoholm ,,3042,Steven,Tiley ,,
Gregory,Havret ,,3043,Brett,Coletta ,,
Nicolai,Hojgaard ,,3044,Dale,Whitnell ,,
Oliver,Fisher ,,3045,Thomas,Aiken ,,
Soren,Kjeldsen ,,3046,Christopher,Sahlstrom ,,
Peter,Karmis ,,3047,Micah,Shin ,,
Oscar,Lengden ,,3048,Chikkarangappa,S ,,
Sung,Kug Park,,3049,Emilio,Cuartero Blanco,,
Steven,Tiley ,,3050,Jake,Roos ,,
Brett,Coletta ,,3051,Lee,Slattery ,,
Dale,Whitnell ,,3052,Matthieu,Pavon ,,
Thomas,Aiken ,,3053,Jang,Dong-Kyu ,,
Christopher,Sahlstrom ,,3054,Liam,Johnston ,,
Micah,Shin ,,3055,Ryosuke,Kinoshita ,,
Chikkarangappa,S ,,3056,Hyung-seok,Seo ,,
Emilio,Cuartero Blanco,,3057,Todd,Clements ,,
Jake,Roos ,,3058,Panuphol,Pittayarat ,,
Lee,Slattery ,,3059,Anton,Karlsson ,,
Matthieu,Pavon ,,3060,Merrick,Bremner ,,
Jang,Dong-Kyu ,,3061,Hideto,Tanihara ,,
Liam,Johnston ,,3062,Edoardo,Raffael Lipparelli,,
Ryosuke,Kinoshita ,,3063,Koumei,Oda ,,
Hyung-seok,Seo ,,3064,Danthai,Boonma ,,
Yuta,Kinoshita ,,3065,Berry,Henson ,,
Todd,Clements ,,3066,Victor,Dubuisson ,,
Panuphol,Pittayarat ,,3067,Benjamin,Henry Poke,,
Anton,Karlsson ,,3068,Augusto,Nunez ,,
Michael,Palmer ,,3069,Charlie,Saxon ,,
Merrick,Bremner ,,3070,Jamie,Donaldson ,,
Hideto,Tanihara ,,3071,Anthony,Quayle ,,
Edoardo,Raffael Lipparelli,,3072,Toto,Thimba ,,
Koumei,Oda ,,3073,Lorens,Chan ,,
Danthai,Boonma ,,3074,Mathieu,Fenasse ,,
Berry,Henson ,,3075,Todd,Baek ,,
Victor,Dubuisson ,,3076,Ockert,Strydom ,,
Benjamin,Henry Poke,,3077,Jung,Ji-ho ,,
Augusto,Nunez ,,3078,Terumichi,Kakazu ,,
Charlie,Saxon ,,3079,Niklas,Norgaard Moller,,
Jamie,Donaldson ,,3080,Trevor,Sluman ,,
Anthony,Quayle ,,3081,Nick,Voke ,,
Toto,Thimba ,,3082,Akio,Sadakata ,,
Lorens,Chan ,,3083,Bradley,Dredge ,,
Mathieu,Fenasse ,,3084,David,Coupland ,,
Todd,Baek ,,3085,Martin,Rohwer ,,
Ockert,Strydom ,,3086,Bernard,Ritthammer ,,
Jung,Ji-ho ,,3087,P.,Tangkamolpraser ,,
Terumichi,Kakazu ,,3088,Eom,Jae-woong ,,
Niklas,Norgaard Moller,,3089,Jack,Harrison ,,
Trevor,Sluman ,,3090,Richard,McEvoy ,,
Nick,Voke ,,3091,George,Cunningham ,,
Akio,Sadakata ,,3092,Jean,Hugo ,,
Bradley,Dredge ,,3093,Joshua,Creel ,,
David,Coupland ,,3094,David,Horsey ,,
Martin,Rohwer ,,3095,Max,McGreevy ,,
Bernard,Ritthammer ,,3096,Allen,John ,,
P.,Tangkamolpraser ,,3097,Lorenzo,Scalise ,,
Eom,Jae-woong ,,3098,Huilin,Zhang ,,
Jack,Harrison ,,3099,Ondrej,Lieser ,,
Richard,McEvoy ,,3100,Galam,Jeon ,,
George,Cunningham ,,3101,Quincy,Quek ,,
Jean,Hugo ,,3102,Viraj,Madappa ,,
Joshua,Creel ,,3103,Siddikur,Rahman ,,
Zach,Murray ,,3104,Seunghyuk,Kim ,,
David,Horsey ,,3105,Daniel,Greene ,,
Max,McGreevy ,,3106,Kevin,Dougherty ,,
Allen,John ,,3107,Wen-Tang,Lin ,,
Lorenzo,Scalise ,,3108,Paul,Peterson ,,
Huilin,Zhang ,,3109,Sean,O'Hair ,,
Ondrej,Lieser ,,3110,Steve,Lewton ,,
Galam,Jeon ,,3111,Nicolas,Echavarria ,,
Quincy,Quek ,,3112,Rikard,Karlberg ,,
Viraj,Madappa ,,3113,Evan,Harmeling ,,
Siddikur,Rahman ,,3114,Haydn,Porteous ,,
Seunghyuk,Kim ,,3115,Matthew,Baldwin ,,
Daniel,Greene ,,3116,Benjamin,Follett-Smith ,,
Kevin,Dougherty ,,3117,Romain,Wattel ,,
Wen-Tang,Lin ,,3118,Ben,Leong ,,
Paul,Peterson ,,3119,Daehyun,Kim ,,
Sean,O'Hair ,,3120,Gonzalo,Fernandez-Castano ,,
Steve,Lewton ,,3121,Daijiro,Izumida ,,
Nicolas,Echavarria ,,3122,Alex,Haindl ,,
Rikard,Karlberg ,,3123,Yoseop,Seo ,,
Evan,Harmeling ,,3124,Kim,Tae-hoon ,,
Haydn,Porteous ,,3125,Erik,Compton ,,
Matthew,Baldwin ,,3126,Laurie,Canter ,,
Benjamin,Follett-Smith ,,3127,Suteepat,Prateeptienchai ,,
Romain,Wattel ,,3128,Jarryd,Felton ,,
Ben,Leong ,,3129,Mathiam,Keyser ,,
Daehyun,Kim ,,3130,Mikiya,Akutsu ,,
Brian,Campbell ,,3131,Thongchai,Jaidee ,,
Gonzalo,Fernandez-Castano ,,3132,Moritz,Lampert ,,
Daijiro,Izumida ,,3133,Han,Lee ,,
Alex,Haindl ,,3134,Sung-Ho,Lee ,,
Yoseop,Seo ,,3135,Jaco,Van Zyl,,
Kim,Tae-hoon ,,3136,Kristoffer,Reitan ,,
Erik,Compton ,,3137,Gavin,Moynihan ,,
Laurie,Canter ,,3138,Taihei,Sato ,,
Suteepat,Prateeptienchai ,,3139,Trevor,Fisher Jr,,
Jarryd,Felton ,,3140,Marcus,Fraser ,,
Mathiam,Keyser ,,3141,Hyowon,Park ,,
Mikiya,Akutsu ,,3142,Stephen,Ferreira ,,
Thongchai,Jaidee ,,3143,Settee,Prakongvech ,,
Moritz,Lampert ,,3144,Stuart,Manley ,,
Han,Lee ,,3145,Anthony,Michael ,,
Sung-Ho,Lee ,,3146,Nicolai,Dellingshausen ,,
Jaco,Van Zyl,,3147,James,Morrison ,,
Kristoffer,Reitan ,,3148,Harrison,Endycott ,,
Gavin,Moynihan ,,3149,Marcelo,Rozo ,,
Taihei,Sato ,,3150,Kyung-Nam,Kang ,,
Trevor,Fisher Jr,,3151,Shiv,Kapur ,,
Marcus,Fraser ,,3152,Marcel,Schneider ,,
Hyowon,Park ,,3153,Steve,Wheatcroft ,,
Stephen,Ferreira ,,3154,Jamie,Arnold ,,
Settee,Prakongvech ,,3155,David,Kocher ,,
Stuart,Manley ,,3156,Steven,Alker ,,
Anthony,Michael ,,3157,Tatsunori,Nukaga ,,
Nicolai,Dellingshausen ,,3158,Keith,Horne ,,
James,Morrison ,,3159,Hendrik,Du Plessis,,
Harrison,Endycott ,,3160,Christofer,Blomstrand ,,
Marcelo,Rozo ,,3161,Adrien,Saddier ,,
Kyung-Nam,Kang ,,3162,Tomoyo,Ikemura ,,
Shiv,Kapur ,,3163,Chapchai,Nirat ,,
Marcel,Schneider ,,3164,Jared,Wolfe ,,
Steve,Wheatcroft ,,3165,Cyril,Bouniol ,,
Jamie,Arnold ,,3166,Yuwa,Kosaihira ,,
David,Kocher ,,3167,Brandon,Crick ,,
Steven,Alker ,,3168,Dan,McCarthy ,,
Tatsunori,Nukaga ,,3169,Santiago,Tarrio ,,
Keith,Horne ,,3170,Trevor,Immelman ,,
Hendrik,Du Plessis,,3171,Jacques,Kruyswijk ,,
Christofer,Blomstrand ,,3172,David,Bransdon ,,
Adrien,Saddier ,,3173,Seonghyeon,Kim ,,
Tomoyo,Ikemura ,,3174,Oliver,Bekker ,,
Chapchai,Nirat ,,3175,Haraldur,Magnus ,,
Jared,Wolfe ,,3176,Yanwei,Liu ,,
Cyril,Bouniol ,,3177,Jacob,Glennemo ,,
Yuwa,Kosaihira ,,3178,Thanyakorn,Khrongpha ,,
Brandon,Crick ,,3179,Martin,Simonsen ,,
Dan,McCarthy ,,3180,Shingo,Katayama ,,
Santiago,Tarrio ,,3181,Chan,Shih-chang ,,
Trevor,Immelman ,,3182,Drew,Weaver ,,
Jacques,Kruyswijk ,,3183,Robin,Sciot-Siegrist ,,
David,Bransdon ,,3184,Jonathan,Caldwell ,,
Seonghyeon,Kim ,,3185,Shunya,Takeyasu ,,
Robert,Karlsson ,,3186,Leandro,Marelli ,,
Oliver,Bekker ,,3187,Damien,Perrier ,,
Haraldur,Magnus ,,3188,Yoshikazu,Haku ,,
Yanwei,Liu ,,3189,Hanmil,Jung ,,
Jacob,Glennemo ,,3190,Nicholas,Fung ,,
Thanyakorn,Khrongpha ,,3191,Jun-won,Park ,,
Martin,Simonsen ,,3192,Kevin,Techakanokboon ,,
Shingo,Katayama ,,3193,Hennie,Otto ,,
Chan,Shih-chang ,,3194,John,Somers ,,
Drew,Weaver ,,3195,Lee,Hodges ,,
Robin,Sciot-Siegrist ,,3196,Ugo,Coussaud ,,
Jonathan,Caldwell ,,3197,Enrico,Di Nitto,,
Shunya,Takeyasu ,,3198,Aksel,Olsen ,,
Leandro,Marelli ,,3199,Federico,MacCario ,,
Damien,Perrier ,,3200,K.T.,Kim ,,
Yoshikazu,Haku ,,3201,Jeonghyeob,Hyun ,,
Hanmil,Jung ,,3202,Ryutaro,Nagano ,,
Nicholas,Fung ,,3203,Elias,Bertheussen ,,
Jun-won,Park ,,3204,Chad,Ramey ,,
Kevin,Techakanokboon ,,3205,Tyson,Alexander ,,
Hennie,Otto ,,3206,Ryuichi,Oiwa ,,
John,Somers ,,3207,Blayne,Barber ,,
Lee,Hodges ,,3208,Motin,Yeung ,,
Ugo,Coussaud ,,3209,Jon,Thomson ,,
Enrico,Di Nitto,,3210,Austin,Smotherman ,,
Aksel,Olsen ,,3211,Jens,Dantorp ,,
Federico,MacCario ,,3212,Will,Zalatoris ,,
K.T.,Kim ,,3213,Willy,Wilcox ,,
Jeonghyeob,Hyun ,,3214,Robbie,Van West,,
Ryutaro,Nagano ,,3215,Hyung-Sung,Kim ,,
Elias,Bertheussen ,,3216,Phachara,Khongwatmai ,,
Chad,Ramey ,,3217,Ryan,Ruffels ,,
Tyson,Alexander ,,3218,Rory,Hie ,,
Ryuichi,Oiwa ,,3219,Jacobus,Prinsloo ,,
Blayne,Barber ,,3220,Julien,Guerrier ,,
Motin,Yeung ,,3221,Janne,Kaske ,,
Jon,Thomson ,,3222,Luke,Kwon ,,
Austin,Smotherman ,,3223,Jacques,Blaauw ,,
Jens,Dantorp ,,3224,JJ,Senekal ,,
Will,Zalatoris ,,3225,Samuel,Del Val,,
Willy,Wilcox ,,3226,Justin,Lower ,,
Robbie,Van West,,3227,Wang,Wei Lun,,
Hyung-Sung,Kim ,,3228,Ryuji,Masaoka ,,
Phachara,Khongwatmai ,,3229,Roope,Kakko ,,
Ryan,Ruffels ,,3230,David,Pastore ,,
Rory,Hie ,,3231,Daisuke,Kataoka ,,
Jacobus,Prinsloo ,,3232,Andrew,Svoboda ,,
Julien,Guerrier ,,3233,Julien,Foret ,,
Janne,Kaske ,,3234,Woojin,Jung ,,
Luke,Kwon ,,3235,Cho,Min-jun ,,
Jacques,Blaauw ,,3236,Trevor,Simsby ,,
JJ,Senekal ,,3237,T.J.,Vogel ,,
Justin,Shin ,,3238,Steve,Marino ,,
Samuel,Del Val,,3239,Andres,Gallegos ,,
Justin,Lower ,,3240,Billy,Kennerly ,,
Wang,Wei Lun,,3241,Sungyeol,Kwon ,,
Ryuji,Masaoka ,,3242,Jonathan,Randolph ,,
Roope,Kakko ,,3243,Khalin,Joshi ,,
David,Pastore ,,3244,Justin,De Los,,
Daisuke,Kataoka ,,3245,Jonathan,Garrick ,,
Andrew,Svoboda ,,3246,Cheng,Jin ,,
Julien,Foret ,,3247,Jimmy,Stanger ,,
Woojin,Jung ,,3248,Lee,Jaekyeong ,,
Cho,Min-jun ,,3249,Oscar,Zetterwall ,,
Trevor,Simsby ,,3250,Luke,Guthrie ,,
T.J.,Vogel ,,3251,Hayden,Buckley ,,
Steve,Marino ,,3252,Alfie,Plant ,,
Zach,Wright ,,3253,Yusaku,Miyazato ,,
Andres,Gallegos ,,3254,Ben,Evans ,,
Cameron,John ,,3255,Jarin,Todd ,,
Billy,Kennerly ,,3256,Tomoyasu,Sugiyama ,,
Sungyeol,Kwon ,,3257,Kunihiro,Kamii ,,
Jonathan,Randolph ,,3258,Udayan,Mane ,,
Khalin,Joshi ,,3259,Alejandro,Canizares ,,
Justin,De Los,,3260,Thomas,Bjorn ,,
Jonathan,Garrick ,,3261,Jakraphan,Premsirigorn ,,
Cheng,Jin ,,3262,Vijay,Singh ,,
Jimmy,Stanger ,,3263,Ben,Kohles ,,
Lee,Jaekyeong ,,3264,Aman,Raj ,,
Oscar,Zetterwall ,,3265,Eric,Sugimoto ,,
Ben,Campbell ,,3266,Keenan,Davidse ,,
Luke,Guthrie ,,3267,Ricardo,Gouveia ,,
Hayden,Buckley ,,3268,Naoto,Nakanishi ,,
Alfie,Plant ,,3269,Davis,Love III,,
Yusaku,Miyazato ,,3270,Sam,Gillis ,,
Ben,Evans ,,3271,Darren,Beck ,,
Jarin,Todd ,,3272,Patrick,Flavin ,,
Tomoyasu,Sugiyama ,,3273,Kieran,Muir ,,
Kunihiro,Kamii ,,3274,Sam,Fidone ,,
Udayan,Mane ,,3275,Shariffudin,Ariffin ,,
Alejandro,Canizares ,,3276,Fredrik,Nilehn ,,
Thomas,Bjorn ,,3277,Henric,Sturehed ,,
Tom,Murray ,,3278,Jae-Ho,Kim ,,
Jakraphan,Premsirigorn ,,3279,Toru,Taniguchi ,,
Vijay,Singh ,,3280,Martin,Wiegele ,,
Ben,Kohles ,,3281,Timon,Baltl ,,
Aman,Raj ,,3282,Eric,Steger ,,
Eric,Sugimoto ,,3283,Kade,McBride ,,
Erik,Barnes ,,3284,Dawie,van der,,
Keenan,Davidse ,,3285,Trevor,Cone ,,
Ricardo,Gouveia ,,3286,M,Miller ,,
Naoto,Nakanishi ,,3287,Seung-taek,Lee ,,
Davis,Love III,,3288,Jonas,Kolbing ,,
Sam,Gillis ,,3289,Mark,Haastrup ,,
Darren,Beck ,,3290,Pedro,Figueiredo ,,
Patrick,Flavin ,,3291,Steven,Jeffress ,,
Kieran,Muir ,,3292,Malcolm,Kokocinski ,,
Sam,Fidone ,,3293,Steve,LeBrun ,,
Shariffudin,Ariffin ,,3294,Mikael,Lindberg ,,
Fredrik,Nilehn ,,3295,Eduardo,De La,,
Henric,Sturehed ,,3296,Mardan,Mamat ,,
Jae-Ho,Kim ,,3297,Mukesh,Kumar ,,
Toru,Taniguchi ,,3298,Andres,Gonzales ,,
Martin,Wiegele ,,3299,Chang-won,Han ,,
Timon,Baltl ,,3300,Mateusz,Gradecki ,,
Eric,Steger ,,3301,Alexandre,Rocha ,,
Kade,McBride ,,3302,Prayad,Marksaeng ,,
Dawie,van der,,3303,Lee,Jung-hwan ,,
Trevor,Cone ,,3304,Lukas,Nemecz ,,
M,Miller ,,3305,Thitiphun,Chuayprakong ,,
Seung-taek,Lee ,,3306,Chinnarat,Phadungsil ,,
Jonas,Kolbing ,,3307,Nicolai,Kristensen ,,
Mark,Haastrup ,,3308,Ake,Nilsson ,,
Pedro,Figueiredo ,,3309,Shinichi,Mizuno ,,
Steven,Jeffress ,,3310,Billy,Hemstock ,,
Malcolm,Kokocinski ,,3311,Aaron,Cockerill ,,
Steve,LeBrun ,,3312,MD,Zamal Hossain,,
Mikael,Lindberg ,,3313,Lu,Wei-chih ,,
Eduardo,De La,,3314,Netipong,Sritonginn ,,
Mardan,Mamat ,,3315,Benjamin,Rusch ,,
Mukesh,Kumar ,,3316,Ruan,de Smidt,,
Andres,Gonzales ,,3317,Namchoak,Tantipokakul ,,
Chang-won,Han ,,3318,Oliver,Gillberg ,,
Mateusz,Gradecki ,,3319,Ashley,Hall ,,
Alexandre,Rocha ,,3320,Dominic,Foos ,,
Prayad,Marksaeng ,,3321,Daisuke,Matsubara ,,
Lee,Jung-hwan ,,3322,Ethan,Tracy ,,
Lukas,Nemecz ,,3323,William,McGirt ,,
Thitiphun,Chuayprakong ,,3324,Clodomiro,Carranza ,,
Chinnarat,Phadungsil ,,3325,Matt,Ford ,,
Nicolai,Kristensen ,,3326,Miguel,Angel Jimenez,,
Ake,Nilsson ,,3327,Wade,Binfield ,,
Shinichi,Mizuno ,,3328,Gustav,Adell ,,
Billy,Hemstock ,,3329,Callum,Mowat ,,
Aaron,Cockerill ,,3330,Masaru,Takahashi ,,
MD,Zamal Hossain,,3331,Callum,Tarren ,,
Lu,Wei-chih ,,3332,Jinho,Choi ,,
Netipong,Sritonginn ,,3333,Hung,Chien-yao ,,
Benjamin,Rusch ,,3334,Martin,Flores ,,
Ruan,de Smidt,,3335,Lee,Dong-Min ,,
Namchoak,Tantipokakul ,,3336,Takahiro,Hataji ,,
Oliver,Gillberg ,,3337,Terry,Pilkadaris ,,
Ashley,Hall ,,3338,Rahil,Gangjee ,,
Dominic,Foos ,,3339,Jordan,Zunic ,,
Daisuke,Matsubara ,,3340,Aaron,Pike ,,
Taylor,Moore ,,3341,David,Skinns ,,
Ethan,Tracy ,,3342,Dong,Seop Maeng,,
William,McGirt ,,3343,Chiehpo,Lee ,,
Clodomiro,Carranza ,,3344,Oliver,Lindell ,,
Matt,Ford ,,3345,Kasidit,Lepkurte ,,
Miguel,Angel Jimenez,,3346,Mike,Hendry ,,
Wade,Binfield ,,3347,Marcel,Siem ,,
Gustav,Adell ,,3348,Adam,Blyth ,,
Callum,Mowat ,,3349,Jae-Min,Hwang ,,
Masaru,Takahashi ,,3350,Hur,In-hoi ,,
Callum,Tarren ,,3351,Chris,Naegel ,,
Jinho,Choi ,,3352,Matthew,Nixon ,,
Hung,Chien-yao ,,3353,Brett,Rankin ,,
Martin,Flores ,,3354,Joel,Girrbach ,,
Lee,Dong-Min ,,3355,Koki,Shiomi ,,
Takahiro,Hataji ,,3356,Young-han,Song ,,
Terry,Pilkadaris ,,3357,Raththee,Sirithanakunsak ,,
Rahil,Gangjee ,,3358,Pieter,Moolman ,,
Jordan,Zunic ,,3359,Nicolas,Paez ,,
Aaron,Pike ,,3360,Luke,Jerling ,,
David,Skinns ,,3361,Xavier,Poncelet ,,
Dong,Seop Maeng,,3362,Marco,Penge ,,
Chiehpo,Lee ,,3363,Travis,Smyth ,,
Oliver,Lindell ,,3364,Thanapath,Pichaikul ,,
Kasidit,Lepkurte ,,3365,Shintaro,Kobayashi ,,
Mike,Hendry ,,3366,Pep,Angles ,,
Marcel,Siem ,,3367,Greg,Yates ,,
Adam,Blyth ,,3368,Minkyu,Kim ,,
Jae-Min,Hwang ,,3369,Tirawat,Kaewsiribandt ,,
Hur,In-hoi ,,3370,Sebastien,Gros ,,
Chris,Naegel ,,3371,Steven,Ihm ,,
Matthew,Nixon ,,3372,Cristobal,Del Solar,,
Brett,Rankin ,,3373,Matias,Calderon ,,
Joel,Girrbach ,,3374,Raphael,Jacquelin ,,
Koki,Shiomi ,,3375,Honney,Baisoya ,,
Young-han,Song ,,3376,Tom,Whitney ,,
Raththee,Sirithanakunsak ,,3377,David,Borda ,,
Pieter,Moolman ,,3378,James,Du Preez,,
Nicolas,Paez ,,3379,Peter,Hanson ,,
Daniel,Fox ,,3380,Horacio,Leon ,,
Luke,Jerling ,,3381,Madalitso,Muthiya ,,
Danny,Walker ,,3382,Koichi,Kitamura ,,
Xavier,Poncelet ,,3383,Lin,Yung-lung ,,
Marco,Penge ,,3384,Brett,Stegmaier ,,
Travis,Smyth ,,3385,Peter,Cooke ,,
Thanapath,Pichaikul ,,3386,Max,Orrin ,,
Shintaro,Kobayashi ,,3387,Niclas,Johansson ,,
Kevin,Yuan ,,3388,Dongha,Lee ,,
Pep,Angles ,,3389,Supakorn,Utaipat ,,
Greg,Yates ,,3390,Danny,Masrin ,,
Minkyu,Kim ,,3391,Rowin,Caron ,,
Tirawat,Kaewsiribandt ,,3392,David,Micheluzzi ,,
Jason,Smith ,,3393,Matthew,Spacey ,,
Sebastien,Gros ,,3394,Braden,Thornberry ,,
Steven,Ihm ,,3395,Hinrich,Arkenau ,,
Cristobal,Del Solar,,3396,Max,Rottluff ,,
Scott,Henry ,,3397,Sung-ho,Yun ,,
Matias,Calderon ,,3398,Konosuke,Nakazato ,,
Raphael,Jacquelin ,,3399,Alexander,Knappe ,,
Honney,Baisoya ,,3400,Bryan,Bigley ,,
Tom,Whitney ,,3401,Mikko,Ilonen ,,
David,Borda ,,3402,Ben,Eccles ,,
James,Du Preez,,3403,Daniel,Gavins ,,
Peter,Hanson ,,3404,Vaughn,Groenewald ,,
Horacio,Leon ,,3405,Albert,Venter ,,
Madalitso,Muthiya ,,3406,Byung-Jun,Kim ,,
Koichi,Kitamura ,,3407,Dawson,Armstrong ,,
Lin,Yung-lung ,,3408,Joseph,Winslow ,,
Brett,Stegmaier ,,3409,Edouard,Dubois ,,
Peter,Cooke ,,3410,Haimeng,Chao ,,
Max,Orrin ,,3411,Matt,Gilchrest ,,
Niclas,Johansson ,,3412,Michael,Hoey ,,
Adam,Bland ,,3413,Kevin,Lucas ,,
Dongha,Lee ,,3414,Shunyat,Hak ,,
Supakorn,Utaipat ,,3415,Jonathan,Agren ,,
Danny,Masrin ,,3416,Jarand,Ekeland Arnoy,,
Rowin,Caron ,,3417,Dylan,Perry ,,
David,Micheluzzi ,,3418,Varanyu,Rattanaphibo ,,
Matthew,Spacey ,,3419,Andreas,Gronkvist ,,
Braden,Thornberry ,,3420,Jan,Cafourek ,,
Bradley,Moore ,,3421,Lyle,Rowe ,,
Hinrich,Arkenau ,,3422,Michael,Arnaud ,,
Max,Rottluff ,,3423,Blake,Proverbs ,,
Sung-ho,Yun ,,3424,Borja,Virto Astudillo,,
Konosuke,Nakazato ,,3425,Derek,Barron ,,
Alexander,Knappe ,,3426,Chandler,Blanchet ,,
Bryan,Bigley ,,3427,Jeremiah,Kim ,,
Mikko,Ilonen ,,3428,Campbell,Rawson ,,
Ben,Eccles ,,3429,Shad,Tuten ,,
Daniel,Gavins ,,3430,Heung-Chol,Joo ,,
Vaughn,Groenewald ,,3431,Tatsuya,Kodai ,,
Albert,Venter ,,3432,Nitithorn,Thippong ,,
Byung-Jun,Kim ,,3433,Deyen,Lawson ,,
Dawson,Armstrong ,,3434,Takashi,Iwamoto ,,
Joseph,Winslow ,,3435,Tae-woo,KIM ,,
Edouard,Dubois ,,3436,James,Allan ,,
Haimeng,Chao ,,3437,Joseph,Lane ,,
Matt,Gilchrest ,,3438,Mito,Pereira ,,
Michael,Hoey ,,3439,Scott,Pinckney ,,
Kevin,Lucas ,,3440,Priyanshu,Singh ,,
Shunyat,Hak ,,3441,Gareth,Paddison ,,
Jonathan,Agren ,,3442,Thomas,Linard ,,
Jarand,Ekeland Arnoy,,3443,Casey,O'Toole ,,
Dylan,Perry ,,3444,Dylan,Boshart ,,
Varanyu,Rattanaphibo ,,3445,Marco,Iten ,,
Andreas,Gronkvist ,,3446,Sutijet,Kooratanapis ,,
Jan,Cafourek ,,3447,Carlos,Pigem ,,
Lyle,Rowe ,,3448,Yujiro,Ohori ,,
Michael,Arnaud ,,3449,Craig,Ross ,,
Blake,Proverbs ,,3450,Josh,Younger ,,
Borja,Virto Astudillo,,3451,Ivan,Cantero Gutierrez,,
Derek,Barron ,,3452,Daniel,Gale ,,
Chandler,Blanchet ,,3453,Lloyd,Jefferson Go,,
Jeremiah,Kim ,,3454,M.,Dharma ,,
Campbell,Rawson ,,3455,Antti,Ahokas ,,
Shad,Tuten ,,3456,Ian,Holt ,,
Heung-Chol,Joo ,,3457,Guxin,Chen ,,
Tatsuya,Kodai ,,3458,Michael,Sim ,,
Nitithorn,Thippong ,,3459,Dylan,Meyer ,,
Deyen,Lawson ,,3460,Nick,Cullen ,,
Takashi,Iwamoto ,,3461,Alex,Chiarella ,,
Tae-woo,KIM ,,3462,Paul,Haley II,,
James,Allan ,,3463,Chris,Robb ,,
Joseph,Lane ,,3464,Andreas,Halvorsen ,,
Mito,Pereira ,,3465,Toru,Nakajima ,,
Scott,Pinckney ,,3466,Scott,Gutschewski ,,
Priyanshu,Singh ,,3467,Grant,Hirschman ,,
Gareth,Paddison ,,3468,Christopher,Mivis ,,
Thomas,Linard ,,3469,Michael,Buttacavoli ,,
Casey,O'Toole ,,3470,Christiaan,Basson ,,
Dylan,Boshart ,,3471,Timothy,Madigan ,,
Marco,Iten ,,3472,Tag,Ridings ,,
Sutijet,Kooratanapis ,,3473,Chris,Cannon ,,
Carlos,Pigem ,,3474,David,Oh ,,
Yujiro,Ohori ,,3475,Mark,Young ,,
Craig,Ross ,,3476,Brian,Richey ,,
Josh,Younger ,,3477,Brad,Gehl ,,
Ivan,Cantero Gutierrez,,3478,Junseok,Lee ,,
Daniel,Gale ,,3479,Drew,Nesbitt ,,
Lloyd,Jefferson Go,,3480,Joel,Stalter ,,
M.,Dharma ,,3481,Benjamin,Wheeler ,,
Antti,Ahokas ,,3482,Stanislas,Gautier ,,
Ian,Holt ,,3483,Junhyeok,Park ,,
Guxin,Chen ,,3484,Garrick,Porteous ,,
Michael,Sim ,,3485,Masanori,Kobayashi ,,
Dylan,Meyer ,,3486,Lee,Han-gu ,,
Nick,Cullen ,,3487,Byron,Meth ,,
Alex,Chiarella ,,3488,Young-Woon,Kim ,,
Paul,Haley II,,3489,Florian,Fritsch ,,
Chris,Robb ,,3490,Jongheon,Park ,,
Andreas,Halvorsen ,,3491,Rodrigo,Lee ,,
Toru,Nakajima ,,3492,Hubert,Tisserand ,,
Peter,Campbell ,,3493,Takumi,Kanaya ,,
Scott,Gutschewski ,,3494,Greyson,Sigg ,,
Grant,Hirschman ,,3495,Austen,Truslow ,,
Christopher,Mivis ,,3496,Simon,Forsstrom ,,
Michael,Buttacavoli ,,3497,Per,Langfors ,,
Christiaan,Basson ,,3498,Luke,Joy ,,
Timothy,Madigan ,,3499,Guowu,Zhou ,,
Tag,Ridings ,,3500,Espen,Kofstad ,,
Chris,Cannon ,,3501,Toby,Tree ,,
Mark,Brown ,,3502,Andre,De Decker,,
David,Oh ,,3503,Coert,Groenewald ,,
Mark,Young ,,3504,Shankar,Das ,,
Brian,Richey ,,3505,Kristian,Johannessen ,,
Brad,Gehl ,,3506,Cameron,Beckman ,,
Junseok,Lee ,,3507,Jason,Bohn ,,
Drew,Nesbitt ,,3508,Davey,Jude ,,
Joel,Stalter ,,3509,Michael,Sims ,,
Benjamin,Wheeler ,,3510,Guy,Boros ,,
Stanislas,Gautier ,,3511,Logan,McCracken ,,
Junhyeok,Park ,,3512,Gary,Nicklaus ,,
Garrick,Porteous ,,3513,Greg,Sonnier ,,
Masanori,Kobayashi ,,3514,Fred,Couples ,,
Lee,Han-gu ,,3515,Fred,Funk ,,
Byron,Meth ,,3516,Jonathan,Kaye ,,
Young-Woon,Kim ,,3517,Michael,Perras ,,
Florian,Fritsch ,,3518,Daniel,Augustus IV,,
Jongheon,Park ,,3519,Spike,McRoy ,,
Rodrigo,Lee ,,3520,Conrad,Shindler ,,
Hubert,Tisserand ,,3521,Paul,Stankowski ,,
Corey,Pereira ,,3522,Mason,Williams ,,
Takumi,Kanaya ,,3523,Henry,Chung ,,
Greyson,Sigg ,,3524,Joe,Boros ,,
Austen,Truslow ,,3525,Dwayne,Pearman ,,
Simon,Forsstrom ,,3526,Donlaphatchai,Niyomchon ,,
Per,Langfors ,,3527,Bryden,MacPherson ,,
Santiago,Gomez ,,3528,Panawat,Muenlek ,,
Daniel,Young ,,3529,Ryan,Yip ,,
Luke,Joy ,,3530,Sam,Brazel ,,
Guowu,Zhou ,,3531,Jordan,Wrisdale ,,
Espen,Kofstad ,,3532,Varut,Chomchalam ,,
Toby,Tree ,,3533,Marc,Warren ,,
Andre,De Decker,,3534,Ham,Jeong-u ,,
Coert,Groenewald ,,3535,Scott,Fernandez ,,
Shankar,Das ,,3536,Harry,Bateman ,,
Kristian,Johannessen ,,3537,Ruaidhri,McGee ,,
Cameron,Beckman ,,3538,Tim,Rice ,,
Jason,Bohn ,,3539,David,Heinzinger ,,
Davey,Jude ,,3540,Jake,Higginbottom ,,
Michael,Sims ,,3541,Edward,Loar ,,
Mark,Wilson ,,3542,Felipe,Aguilar ,,
Steve,Allan ,,3543,Rourke,Van der,,
Guy,Boros ,,3544,Kyle,Reifers ,,
Logan,McCracken ,,3545,Mathias,Gladbjerg ,,
Gary,Nicklaus ,,3546,K.P.,Lin ,,
Greg,Sonnier ,,3547,Yushi,Ito ,,
Fred,Couples ,,3548,Yashas,Chandra ,,
Fred,Funk ,,3549,Tommy,Cocha ,,
Jonathan,Kaye ,,,,,,
Michael,Perras ,,,,,,
Stuart,Smith ,,,,,,
Daniel,Augustus IV,,,,,,
Spike,McRoy ,,,,,,
Conrad,Shindler ,,,,,,
Paul,Stankowski ,,,,,,
Mason,Williams ,,,,,,
Henry,Chung ,,,,,,
Taylor,Funk ,,,,,,
Joe,Boros ,,,,,,
Dwayne,Pearman ,,,,,,
Donlaphatchai,Niyomchon ,,,,,,
Bryden,MacPherson ,,,,,,
Panawat,Muenlek ,,,,,,
Andres,Echavarria ,,,,,,
Ryan,Yip ,,,,,,
Sam,Brazel ,,,,,,
Jordan,Wrisdale ,,,,,,
Varut,Chomchalam ,,,,,,
Marc,Warren ,,,,,,
Ham,Jeong-u ,,,,,,
Michael,Johnson ,,,,,,
Scott,Fernandez ,,,,,,
Harry,Bateman ,,,,,,
Ruaidhri,McGee ,,,,,,
Jack,Wilson ,,,,,,
Tim,Rice ,,,,,,
David,Heinzinger ,,,,,,
Jake,Higginbottom ,,,,,,
Edward,Loar ,,,,,,
Felipe,Aguilar ,,,,,,
Rourke,Van der,,,,,,
Kyle,Reifers ,,,,,,
Mathias,Gladbjerg ,,,,,,
K.P.,Lin ,,,,,,
Yushi,Ito ,,,,,,
Yashas,Chandra ,,,,,,
Tommy,Cocha ,,,,,,
